C1 Movement Identifier 1, Count, C1 Movement Identifier 3, Count, C1 Movement Identifier 2, Count, C2 Movement Identifier 3, Count, C2 Movement Identifier 1, Count, C2 Movement Identifier 2, Count, 
hsdfh, 3, hsdfh, 3, hsdfh, 3, zxfch, 1, zxfch, 1, zxfch, 1, 
, , wserysx, 1, wserysx, 1, , , dgfyher, 2, dgfyher, 2, 
, , , , xdfhbsxvg, 2, , , , , , , 
, , , , , , , , , , , , 
, , , , , , , , , , , , 
, , , , , , , , , , , , 
, , , , , , , , , , , , 
, , , , , , , , , , , , 
, , , , , , , , , , , , 
, , , , , , , , , , , , 
, , , , , , , , , , , , 
, , , , , , , , , , , , 
, , , , , , , , , , , , 
, , , , , , , , , , , , 
, , , , , , , , , , , , 
, , , , , , , , , , , , 
, , , , , , , , , , , , 
, , , , , , , , , , , , 
, , , , , , , , , , , , 
, , , , , , , , , , , , 
, , , , , , , , , , , , 
, , , , , , , , , , , , 
, , , , , , , , , , , , 
, , , , , , , , , , , , 
, , , , , , , , , , , , 
, , , , , , , , , , , , 
, , , , , , , , , , , , 
, , , , , , , , , , , , 
, , , , , , , , , , , , 
, , , , , , , , , , , , 
, , , , , , , , , , , , 
, , , , , , , , , , , , 
, , , , , , , , , , , , 
, , , , , , , , , , , , 
, , , , , , , , , , , , 
, , , , , , , , , , , , 
, , , , , , , , , , , , 
, , , , , , , , , , , , 
, , , , , , , , , , , , 
, , , , , , , , , , , , 
, , , , , , , , , , , , 
, , , , , , , , , , , , 
, , , , , , , , , , , , 
, , , , , , , , , , , , 
, , , , , , , , , , , , 
, , , , , , , , , , , , 
, , , , , , , , , , , , 
, , , , , , , , , , , , 
, , , , , , , , , , , , 
, , , , , , , , , , , , 
, , , , , , , , , , , , 
, , , , , , , , , , , , 
, , , , , , , , , , , , 
, , , , , , , , , , , , 
, , , , , , , , , , , , 
, , , , , , , , , , , , 
, , , , , , , , , , , , 
, , , , , , , , , , , , 
, , , , , , , , , , , , 
, , , , , , , , , , , , 
, , , , , , , , , , , , 
, , , , , , , , , , , , 
, , , , , , , , , , , , 
, , , , , , , , , , , , 
, , , , , , , , , , , , 
, , , , , , , , , , , , 
, , , , , , , , , , , , 
, , , , , , , , , , , , 
, , , , , , , , , , , , 
, , , , , , , , , , , , 
, , , , , , , , , , , , 
, , , , , , , , , , , , 
, , , , , , , , , , , , 
, , , , , , , , , , , , 
, , , , , , , , , , , , 
, , , , , , , , , , , , 
, , , , , , , , , , , , 
, , , , , , , , , , , , 
, , , , , , , , , , , , 
, , , , , , , , , , , , 
, , , , , , , , , , , , 
, , , , , , , , , , , , 
, , , , , , , , , , , , 
, , , , , , , , , , , , 
, , , , , , , , , , , , 
, , , , , , , , , , , , 
, , , , , , , , , , , , 
, , , , , , , , , , , , 
, , , , , , , , , , , , 
, , , , , , , , , , , , 
, , , , , , , , , , , , 
, , , , , , , , , , , , 
, , , , , , , , , , , , 
, , , , , , , , , , , , 
, , , , , , , , , , , , 
, , , , , , , , , , , , 
, , , , , , , , , , , , 
, , , , , , , , , , , , 
, , , , , , , , , , , , 
, , , , , , , , , , , , 
, , , , , , , , , , , , 
, , , , , , , , , , , , 
, , , , , , , , , , , , 
, , , , , , , , , , , , 
, , , , , , , , , , , , 
, , , , , , , , , , , , 
, , , , , , , , , , , , 
, , , , , , , , , , , , 
, , , , , , , , , , , , 
, , , , , , , , , , , , 
, , , , , , , , , , , , 
, , , , , , , , , , , , 
, , , , , , , , , , , , 
, , , , , , , , , , , , 
, , , , , , , , , , , , 
, , , , , , , , , , , , 
, , , , , , , , , , , , 
, , , , , , , , , , , , 
, , , , , , , , , , , , 
, , , , , , , , , , , , 
